쇼핑몰,브랜드,상품명,가격,할인율,링크
29CM,마론에디션,Fall_ Brown Melange Half Coat,"327,200",20%,https://product.29cm.co.kr/catalog/2201632
29CM,이아,[왕슈멍 착용] IAN SHORT COAT (GREY),"269,100",10%,https://product.29cm.co.kr/catalog/3087976
29CM,쿠어,벨란디 캐시미어 블렌드 발마칸 코트 (블랙),"369,900",10%,https://product.29cm.co.kr/catalog/2851731
29CM,오피쉬,"RICH WOOL HALF COAT, GRAY","237,150",15%,https://product.29cm.co.kr/catalog/2980088
29CM,어나더오피스,Voyager Balmacaan Coat (Dark Navy),가격 정보 없음,할인 없음,https://product.29cm.co.kr/catalog/1807184
29CM,르바,Straight Wool Maxi Coat - Charcoal,"379,050",5%,https://product.29cm.co.kr/catalog/3579547
29CM,리리수,Dori Coat / Black,"360,272",20%,https://product.29cm.co.kr/catalog/2753072
29CM,오버듀플레어,SIGNATURE OVERSIZED TRENCH COAT_CREAM BEIGE,가격 정보 없음,할인 없음,https://product.29cm.co.kr/catalog/2429142
29CM,모우트,BASIC COLLAR LONG DOUBLE COAT (dust gray),"385,200",10%,https://product.29cm.co.kr/catalog/2911610
29CM,포터리,Melton Wool Mac Coat - 6 Color,가격 정보 없음,할인 없음,https://product.29cm.co.kr/catalog/2890874
29CM,지오다노,울/캐시미어 혼방 발마칸 코트 074919 [2color],"148,000",25%,https://product.29cm.co.kr/catalog/2906130
29CM,셔터,SOUTIEN CAR COAT (BROWN),가격 정보 없음,할인 없음,https://product.29cm.co.kr/catalog/2978206
29CM,브라운야드,"Balmacaan Coat, Washed Black",가격 정보 없음,할인 없음,https://product.29cm.co.kr/catalog/3607304
29CM,링서울,"[차콜 추가] handmade wool trench coat(6color) [brown S,M, yellow beige M, oatmael S 12/15부터 순차발송]","300,130",15%,https://product.29cm.co.kr/catalog/1256092
29CM,하네,엔케이스 레글런 울 하프 코트_Cream,"210,000",14%,https://product.29cm.co.kr/catalog/3451514
29CM,튜드먼트,[4COLORS] CLASSIC WOOL HALF COAT,"227,240",24%,https://product.29cm.co.kr/catalog/2835282
29CM,오떼뜨,"[은현,묵화,알로하 착용] [17th] BOUCLE RAM HALF FUR-COAT_BEIGE","220,400",23%,https://product.29cm.co.kr/catalog/2892735
29CM,어랜,11/10예약배송_Alpaca Wool High-neck belted half coat_oatmeal,"372,000",3%,https://product.29cm.co.kr/catalog/3544268
29CM,녹섭,(6차 리오더) Alpaca blend half coat_camel,"322,050",5%,https://product.29cm.co.kr/catalog/2978913
29CM,이아,[왕슈멍 착용] WOOL BALMACAAN COAT (BLACK),"386,100",10%,https://product.29cm.co.kr/catalog/2929448
29CM,이아,[누가영 착용] WOOL BALMACAAN COAT (CHARCOAL),"386,100",10%,https://product.29cm.co.kr/catalog/2955593
29CM,링서울,[브라운 추가][인플루언서 PICK] handmade wool half coat(4color),"258,120",10%,https://product.29cm.co.kr/catalog/1708168
29CM,키뮤어,[알로하 pick] [Drape Wool] (우먼) 캐시미어블렌드 세미오버핏 발마칸 로브코트_2 COLOR,"274,050",8%,https://product.29cm.co.kr/catalog/2262390
29CM,루에브르,Wool Hourglass Jacket SW4WJ919-24,"269,100",10%,https://product.29cm.co.kr/catalog/2867955
29CM,파사드패턴,램스울 퍼 하프 코트_brown,가격 정보 없음,할인 없음,https://product.29cm.co.kr/catalog/2923189
29CM,파사드패턴,오버핏 캐시미어 하프 코트_black,"435,100",5%,https://product.29cm.co.kr/catalog/2796269
29CM,샤드라마,[지구 착용/2차 REORDER] HAIRY WOOL RELAXED FIT JACKET [MELANGE CHARCOAL] / 2 SIZE,"190,350",33%,https://product.29cm.co.kr/catalog/3544563
29CM,이아,HAYES HALF COAT (BLACK),"305,100",10%,https://product.29cm.co.kr/catalog/1723024
29CM,오스트카카,캐시미어 발마칸 핸드메이드 코트_3colors,"264,940",34%,https://product.29cm.co.kr/catalog/2791806
29CM,타입서비스,[2차] Hooded Half Coat [Oatmeal],"219,300",15%,https://product.29cm.co.kr/catalog/3422801
29CM,파사드패턴,캐시미어 발마칸 코트_black,"520,600",5%,https://product.29cm.co.kr/catalog/1224495
29CM,윤슬,Reversible shearling coat,"303,050",5%,https://product.29cm.co.kr/catalog/3597510
29CM,오스트카카,[차지혜PICK] 캐시미어 하이넥 싱글 롱 코트 차콜,"347,770",17%,https://product.29cm.co.kr/catalog/3579487
29CM,룩캐스트,리앤 울 핸드메이드 하프 코트 / LEANNE WOOL HANDMADE HALF COAT_3colors,"165,390",45%,https://product.29cm.co.kr/catalog/2789817
29CM,미치코런던 코시노,[제현경 착용][무료반품] BELTED BALMACAAN WOOL COAT CHARCOAL,"223,100",14%,https://product.29cm.co.kr/catalog/3542438
29CM,르,vintage fur half coat (beige),"135,320",66%,https://product.29cm.co.kr/catalog/2960683
29CM,하네,엔케이스 레글런 울 하프 코트_Navy,"210,000",14%,https://product.29cm.co.kr/catalog/3451513
29CM,튜드먼트,BALMACAAN WOOL COAT MELANGE GREY,"265,240",24%,https://product.29cm.co.kr/catalog/2835285
29CM,유라고,[29EDITION][with 김가을][1차 리오더] Alpaca button half coat_2colors,"354,830",14%,https://product.29cm.co.kr/catalog/3564478
29CM,타입서비스,[2차] Hooded Half Coat [Gray],"219,300",15%,https://product.29cm.co.kr/catalog/2754192
29CM,파사드패턴,[일부옵션 3차 12/24예약배송] 캐시미어 벨티드 하프 코트_black,가격 정보 없음,할인 없음,https://product.29cm.co.kr/catalog/3451326
29CM,파사드패턴,캐시미어 더블 코트_charcoal,"539,600",5%,https://product.29cm.co.kr/catalog/2198876
29CM,파사드패턴,오버핏 캐시미어 하프 코트_melange brown,"435,100",5%,https://product.29cm.co.kr/catalog/2796277
29CM,파사드패턴,[3차 12/31예약배송] 오버핏 발마칸 패디드 코트_black,가격 정보 없음,할인 없음,https://product.29cm.co.kr/catalog/2923187
29CM,리파인드902,Hairy Wool Duffle Half Coat_Dark Navy,"445,550",5%,https://product.29cm.co.kr/catalog/2316611
29CM,이아,[누가영 착용] HAYES HALF COAT (LIGHT GREY),"305,100",10%,https://product.29cm.co.kr/catalog/2304449
29CM,디망쉬,Double Breasted Coat (black),가격 정보 없음,할인 없음,https://product.29cm.co.kr/catalog/3560933
29CM,하네,풀리쉬 보이핏 패디드 자켓_Moon Navy,"144,000",16%,https://product.29cm.co.kr/catalog/3575069
29CM,녹섭,(6차 리오더) Alpaca blend half coat_black,"322,050",5%,https://product.29cm.co.kr/catalog/2978906
29CM,링서울,standard wool half coat-camel,"229,330",15%,https://product.29cm.co.kr/catalog/2791790
29CM,링서울,wool shearling mustang coat (2color),"253,640",15%,https://product.29cm.co.kr/catalog/2907889
29CM,르바,[7차] [사이즈추가]Hairy Alpaca Blended Classic Coat - Charcoal,"379,050",5%,https://product.29cm.co.kr/catalog/2876935
29CM,몽돌,[29CM 단독] 소프트 퍼 크롭 자켓 라이트그레이 MDJK047LGRAY,"168,000",40%,https://product.29cm.co.kr/catalog/3542962
29CM,플리즈프로젝트,"MIDDLE FUR JACKET, GRAY","242,100",10%,https://product.29cm.co.kr/catalog/3539633
29CM,플로움,Mocha Coat(3color),"477,120",16%,https://product.29cm.co.kr/catalog/2824341
29CM,르메메,Wool Lucas Duffle Short Coat Black,"282,370",25%,https://product.29cm.co.kr/catalog/3565529
29CM,오데스,[21TH RESTOCK] FAUX FUR JACKET - ASH GREY,"265,680",19%,https://product.29cm.co.kr/catalog/2886483
29CM,애프터아워즈,OVERSIZED FUR JACKET V3 (MOCHA BEIGE),"265,670",19%,https://product.29cm.co.kr/catalog/3497663
29CM,지비에이치어패럴,HIGH-NECK TOGGLE COAT / CHARCOAL,가격 정보 없음,할인 없음,https://product.29cm.co.kr/catalog/3566932
29CM,오피쉬,"FLUFFY MIX FUR JACKET, LIGHT GRAY","215,100",10%,https://product.29cm.co.kr/catalog/3527906
29CM,파사드패턴,[3차 12/31예약배송] 오버핏 발마칸 패디드 코트_mocha,가격 정보 없음,할인 없음,https://product.29cm.co.kr/catalog/2923186
29CM,파사드패턴,오버핏 캐시미어 하프 코트_charcoal,"435,100",5%,https://product.29cm.co.kr/catalog/2796275
29CM,으음키임,[울마크/길이선택/1차리오더][차콜 29CM 단독]울 캐시미어 카라 배색 롱코트_3 colors,"364,700",14%,https://product.29cm.co.kr/catalog/3452830
29CM,르,wool classic double breasted coat (charcoal),"199,240",66%,https://product.29cm.co.kr/catalog/2960662
29CM,헌치,High-Neck Duffle Shearing Bear Fur Mustang 양모100% (L/Beige),"358,200",10%,https://product.29cm.co.kr/catalog/3571274
29CM,하네,에센셜 오버핏 더플 울 코트_Deep Navy,"232,000",13%,https://product.29cm.co.kr/catalog/3541911
29CM,인사일런스우먼,클래식 맥시 코트 BLACK,"314,100",10%,https://product.29cm.co.kr/catalog/2240803
29CM,던스트,UNISEX BELTED CASHMERE MAC COAT BLACK_UDCO5D123BK,"341,050",5%,https://product.29cm.co.kr/catalog/2279149
29CM,이아,WOOL BALMACAAN COAT (NAVY),"386,100",10%,https://product.29cm.co.kr/catalog/2990471
29CM,하네,모코 숏 후드 무스탕_Beige,"144,000",16%,https://product.29cm.co.kr/catalog/3575050
29CM,루에브르,Belted High-Neck Long Coat SW4WH914-1F,"359,100",10%,https://product.29cm.co.kr/catalog/2867931
29CM,파사드패턴,캐시미어 벨티드 하프 코트_charcoal,가격 정보 없음,할인 없음,https://product.29cm.co.kr/catalog/3451318
29CM,던스트,UNISEX 2-WAY 3 BUTTON BOUCLE WOOL COAT BLACK_UDCO5D122BK,"369,550",5%,https://product.29cm.co.kr/catalog/1757494
29CM,노운베러,[3차:11/14 예약배송] Check pointed high-neck puffer coat [KNFW04CT09]_[2color],"186,680",29%,https://product.29cm.co.kr/catalog/3534865
29CM,조이그라이슨,Faux Fur Half Jacket KF3WH4930_2COLOR,"345,830",21%,https://product.29cm.co.kr/catalog/2315130
29CM,유라고,Mac half trench coat_4colors,"173,850",5%,https://product.29cm.co.kr/catalog/1407533
29CM,포 유어 아이즈 온리,Sarah Wool Half Coat (Ivory),"469,300",5%,https://product.29cm.co.kr/catalog/3560082
29CM,루에브르,Hand-made Belted Half-Coat SW5WH407-KF,"324,050",14%,https://product.29cm.co.kr/catalog/3594087
29CM,포 유어 아이즈 온리,[5차][사이즈/컬러 추가] Valentin Wool Half Coat (Cream),"465,500",5%,https://product.29cm.co.kr/catalog/3547022
29CM,던스트,UNISEX 2-WAY 3 BUTTON CASHMERE COAT BLACK_UDCO5D121BK,"341,050",5%,https://product.29cm.co.kr/catalog/2864239
29CM,던스트,UNISEX TAILORED DOUBLE-BREASTED CASHMERE COAT MELANGE GREY_UDCO5D125G2,"341,050",5%,https://product.29cm.co.kr/catalog/1762850
29CM,몽돌,[묵화 PICK] 캐시미어 울 핸드메이드 하프 코트 그레이 [MDCT013GRAY],"207,200",26%,https://product.29cm.co.kr/catalog/3531081
29CM,마조네,CASHMERE DOUBLE HALF COAT_CHARCOAL,가격 정보 없음,할인 없음,https://product.29cm.co.kr/catalog/2190743
29CM,헌치,[29CM단독]High-neck duffle shearing bear fur mustang 양모100% (L/Orange),"338,300",15%,https://product.29cm.co.kr/catalog/2913761
29CM,파사드패턴,캐시미어 발마칸 코트_charcoal,"520,600",5%,https://product.29cm.co.kr/catalog/1224496
29CM,네세서리,Wool High-Neck Short Coat (Black),가격 정보 없음,할인 없음,https://product.29cm.co.kr/catalog/3436496
29CM,베뉴엣,[3차] Milano Coat_Pure Cream,"280,250",5%,https://product.29cm.co.kr/catalog/3484145
29CM,링서울,standard wool half coat-charcoal,"229,330",15%,https://product.29cm.co.kr/catalog/3454105
29CM,온앤온,Trench Long Goose Down NEP4XHB02_13,"339,570",37%,https://product.29cm.co.kr/catalog/2290038
29CM,아티드,캐시미어 하프 코트_2COLORS,"311,200",20%,https://product.29cm.co.kr/catalog/2843594
29CM,링서울,standard wool half coat-black,"229,330",15%,https://product.29cm.co.kr/catalog/2791822
29CM,베뉴엣,Mauve Coat_Butter,"312,550",5%,https://product.29cm.co.kr/catalog/3483083
29CM,윤슬,Denna handmade half ct,"342,950",5%,https://product.29cm.co.kr/catalog/3599692
29CM,이아,IAN SHORT COAT (BLACK),"269,100",10%,https://product.29cm.co.kr/catalog/2983112
29CM,레이브,High Neck Short Coat VW3WJ032_2color,"222,400",20%,https://product.29cm.co.kr/catalog/2330091
29CM,인사일런스우먼,소프트 하프 발마칸 코트 BLACK,"283,500",10%,https://product.29cm.co.kr/catalog/2845125
29CM,포 유어 아이즈 온리,[2차][사이즈/컬러 추가] Valentin Wool Half Coat (Soft Blue),"465,500",5%,https://product.29cm.co.kr/catalog/3538369
29CM,윤세,[29CM 단독] Faux Fur Jacket (Charcoal),"331,200",10%,https://product.29cm.co.kr/catalog/3556216
29CM,쏘이르,HALF DOUBLE PEA COAT - IVORY/NAVY,"270,650",24%,https://product.29cm.co.kr/catalog/2975211
29CM,하네,크럼블 대디 울 하프 코트_Cream,"210,000",14%,https://product.29cm.co.kr/catalog/3451527
무신사,어반플레이어스,시티 몬스터 파카 (차콜),"99,000원",41%,https://www.musinsa.com/products/2206424
무신사,와이엠씨엘케이와이,US LEVEL7 Type2 Monster Parka - Coyote,"330,480원",19%,https://www.musinsa.com/products/2203614
무신사,마틴플랜,Balmacan Padding Coat,"134,500원",50%,https://www.musinsa.com/products/2155886
무신사,씨피 컴퍼니,나이크라 R 다운 재킷 - 블랙 / 11CMOW170A005864G999,"1,241,990원",19%,https://www.musinsa.com/products/2141863
무신사,디아프바인,DV.LOT 647 C/N Regular Robe -Ash Brown-,"178,000원",10%,https://www.musinsa.com/products/2111323
무신사,노벤타 케이,트렌치 셔츠 BLACK,"34,900원",71%,https://www.musinsa.com/products/1858162
무신사,더 스튜디오 케이,소어 코트_브라운,"239,400원",40%,https://www.musinsa.com/products/1710886
무신사,스미스아머,SA 보아 콤비네이션 리버시블 코트_브라운,"218,000원",할인 없음,https://www.musinsa.com/products/1704572
무신사,빠니깔레,블랙 페이크 롱 인조 무스탕 코트 [블랙],"99,000원",82%,https://www.musinsa.com/products/1670338
무신사,코랄리안,여성 화이트 구스 다운 자켓,"126,000원",30%,https://www.musinsa.com/products/1639296
무신사,인사일런스,더블 다운 코트 CREAM,"174,300원",30%,https://www.musinsa.com/products/1630220
무신사,와이엠씨엘케이와이,Swedish M-90 Cold Weather Parka - Black,"298,080원",19%,https://www.musinsa.com/products/1208890
무신사,발란트,탤런트 클래식 패딩 점퍼 퍼플,"132,300원",30%,https://www.musinsa.com/products/905339
무신사,어반플레이어스,시티 몬스터 파카 (차콜),"99,000원",41%,https://www.musinsa.com/products/2206424
무신사,와이엠씨엘케이와이,US LEVEL7 Type2 Monster Parka - Coyote,"330,480원",19%,https://www.musinsa.com/products/2203614
무신사,마틴플랜,Balmacan Padding Coat,"134,500원",50%,https://www.musinsa.com/products/2155886
무신사,씨피 컴퍼니,나이크라 R 다운 재킷 - 블랙 / 11CMOW170A005864G999,"1,241,990원",19%,https://www.musinsa.com/products/2141863
무신사,디아프바인,DV.LOT 647 C/N Regular Robe -Ash Brown-,"178,000원",10%,https://www.musinsa.com/products/2111323
무신사,노벤타 케이,트렌치 셔츠 BLACK,"34,900원",71%,https://www.musinsa.com/products/1858162
무신사,더 스튜디오 케이,소어 코트_브라운,"239,400원",40%,https://www.musinsa.com/products/1710886
무신사,스미스아머,SA 보아 콤비네이션 리버시블 코트_브라운,"218,000원",할인 없음,https://www.musinsa.com/products/1704572
무신사,빠니깔레,블랙 페이크 롱 인조 무스탕 코트 [블랙],"99,000원",82%,https://www.musinsa.com/products/1670338
무신사,코랄리안,여성 화이트 구스 다운 자켓,"126,000원",30%,https://www.musinsa.com/products/1639296
무신사,인사일런스,더블 다운 코트 CREAM,"174,300원",30%,https://www.musinsa.com/products/1630220
무신사,와이엠씨엘케이와이,Swedish M-90 Cold Weather Parka - Black,"298,080원",19%,https://www.musinsa.com/products/1208890
무신사,발란트,탤런트 클래식 패딩 점퍼 퍼플,"132,300원",30%,https://www.musinsa.com/products/905339
